0050scbn.htm	20210814191921
0007scbde.htm	20200919163457
0007sccmd.htm	20201114143508
0051scbn.htm	20200915125853
0007scctr.htm	20191117193604
0055scco.htm	20220123031922
0009sccmd.htm	20191117193600
0056scbn.htm	20191117193558
0056scco.htm	20191117193520
0057scbn.htm	20191117193607
0010scbn.htm	20191117193549
0057scco.htm	20191117193536
0058scbn.htm	20191117193530
0062scbn.htm	20191117193529
0069scco.htm	20191117193551
0072scbn.htm	20191117193538
0073scco.htm	20191117193519
0078scbn.htm	20191117193554
0082scbn.htm	20200914181804
0093scbde.htm	20200920071445
0094scco.htm	20191117193600
0098scbn.htm	20191117193604
0114scbn_hqhqdet.htm	20191117193608
0122scbn.htm	20210308131812
0123scbn.htm	20191117193525
0124scbn.htm	20191117193556
0128scco.htm	20191117193545
0137scco.htm	20191117193556
0029scbn.htm	20191117193536
0138scco.htm	20191117193606
0030scbn.htm	20191117193558
0141scbn.htm	20220127133629
0035scbde.htm	20200806013337
0169scco.htm	20191117193606
0176scco.htm	20191117193602
0178scco.htm	20191117193532
0181scco.htm	20191117193519
0198scbn.htm	20201116021659
0201scco.htm	20191117193555
0205scco.htm	20191117193604
0206scco.htm	20191117193534
0208scco.htm	20191117193530
0252scco.htm	20191117193534
0255scdet.htm	20191117193532
0256scco.htm	20211028101721
0258scco.htm	20191117193536
0261scco.htm	20191117193605
0267scco.htm	20191117193552
0268scco.htm	20191117193609
0269scco.htm	20191117193515
0270scco.htm	20191117193608
0275scco.htm	20191117193603
0293scco.htm	20191117193609
0298scco.htm	20210917235654
0052scbn.htm	20191117193552
0053scbn.htm	20191117193534
0301scco.htm	20191117193603
0054scbn.htm	20191117193519
0302scbn.htm	20191117193557
0054scco.htm	20191117193535
0304scbn.htm	20200730234412
0307scbn.htm	20200731001228
0311sccmd.htm	20200917041551
0063scbn.htm	20191117193557
0319scbn.htm	20191117193513
0327scbn.htm	20210815042531
0063scco.htm	20191117193555
0327scco.htm	20191117193558
0067scbn.htm	20191117193601
0333scco.htm	20191117193511
0069scbn.htm	20191117193515
0334scco.htm	20191117193536
0335sccmd.htm	20191117193611
0337scco.htm	20191117193509
0338scco.htm	20191117193527
0349scco.htm	20191117193516
0359scbde.htm	20191115224535
0362scco.htm	20210813194350
0369scbn.htm	20191117193522
0385scco.htm	20191117193554
0414scco.htm	20191117193523
0422scbn.htm	20191117193541
0433scco.htm	20191117193517
0440scbn.htm	20200917223750
0442scbn.htm	20191117193521
0447scbn.htm	20201112041445
0472scco.htm	20191117193600
0501scbn.htm	20201106193320
0501scco.htm	20191117193525
0504scbn.htm	20191117193524
0505scbde.htm	20191116032909
0514scco.htm	20191117193553
0100scbn.htm	20191117193609
0516scbde.htm	20220525103129
0102scbn.htm	20191117193510
0518scco.htm	20191117193512
0106scbde.htm	20191117193540
0525scco.htm	20191117193604
0529scco.htm	20191117193538
0532scco.htm	20191117193522
0534scco.htm	20191117193521
0536scbn.htm	20191117193516
0552scco.htm	20191117193557
0556scco.htm	20191117193601
0558scco.htm	20191117193523
0578scco.htm	20191117193549
0579scco.htm	20191117193552
0580scco.htm	20191117193558
0581scco.htm	20191117193608
0586scco.htm	20191117193543
0587scco.htm	20191117193615
0589scco.htm	20191117193607
0812scco.htm	20191117193559
0820scco.htm	20191117193605
0842scco.htm	20191117193537
0982scco.htm	20191117193524
0146scco.htm	20191117193537
0149scco.htm	20191117193613
0151scbn.htm	20191117193603
0160scbde.htm	20191117193517
0226scco.htm	20191117193551
0228scco.htm	20191117193601
0232scco.htm	20191117193513
0251scdet.htm	20191117193512
0278scco.htm	20191117193540
0287scco.htm	20191117193525
0324scbn.htm	20191116163852
0324scco.htm	20200424085002
0392scbn.htm	20191117185351
0396scco.htm	20210422135618
0404scco.htm	20191117193517
0504scco.htm	20191117193516
0507scco.htm	20191117193518
0509scbn.htm	20191117193510
0519scco.htm	20201224082745
0550scco.htm	20191117193541
0551scbn.htm	20191117193551
0596scco.htm	20191117193554
0656scco.htm	20191117193532
0804scco.htm	20191117193521
0025scbn.htm	20250207012730
0035scbn.htm	20250206182218
0086scbn.htm	20250207005456
0112scbn.htm	20250207011546
0121scbn.htm	20250207010833
0286scco.htm	20250206215340
